"Periodo","Tienda","Turno","Efectivo","Tarjeta","Total"
"2025-03-30","Salto del Agua","Ambos","1841.5","0","1841.5"
"2025-03-31","Salto del Agua","Ambos","2087","0","2087"
"2025-04-01","Salto del Agua","Ambos","4854","4.8","4858.8"
"2025-04-02","Salto del Agua","Ambos","5236","656.23","5892.23"
"2025-04-03","Salto del Agua","Ambos","5255","505.6","5760.6"
"2025-04-04","Salto del Agua","Ambos","4858","669.66","5527.66"
"2025-04-05","Salto del Agua","Ambos","4611","671.58","5282.58"
"2025-04-06","Salto del Agua","Ambos","2290","212.99","2502.99"
"2025-04-07","Salto del Agua","Ambos","3913","674.46","4587.46"
"2025-04-08","Salto del Agua","Ambos","3569","124.72","3693.72"
"2025-04-09","Salto del Agua","Ambos","3910","574.68","4484.68"
"2025-04-10","Salto del Agua","Ambos","1934","1034.23","2968.23"
"2025-04-11","Salto del Agua","Ambos","4475","271.51","4746.51"
"2025-04-12","Salto del Agua","Ambos","3616","267.67","3883.67"
"2025-04-13","Salto del Agua","Ambos","2662","1023.68","3685.68"
"2025-04-14","Salto del Agua","Ambos","2612","235.05","2847.05"
"2025-04-15","Salto del Agua","Ambos","2611","784.79","3395.79"
"2025-04-16","Salto del Agua","Ambos","2889","959.4","3848.4"
"2025-04-17","Salto del Agua","Ambos","3277","315.64","3592.64"
"2025-04-18","Salto del Agua","Ambos","1527","62.36","1589.36"
"2025-04-19","Salto del Agua","Ambos","2332","0","2332"
"2025-04-20","Salto del Agua","Ambos","0","0","0"
"2025-04-21","Salto del Agua","Ambos","3187","62.36","3249.36"
"2025-04-22","Salto del Agua","Ambos","2541","287.82","2828.82"
"2025-04-23","Salto del Agua","Ambos","5800","675.42","6475.42"
"2025-04-24","Salto del Agua","Ambos","3872","194.76","4066.76"
"2025-04-25","Salto del Agua","Ambos","5184","1169.51","6353.51"
"2025-04-26","Salto del Agua","Ambos","3439","211.07","3650.07"
"2025-04-27","Salto del Agua","Ambos","3100","74.83","3174.83"
"2025-04-28","Salto del Agua","Ambos","3427","594.83","4021.83"
"2025-04-29","Salto del Agua","Ambos","5518","1137.85","6655.85"
"2025-04-30","Salto del Agua","Ambos","5076","1044.79","6120.79"
"2025-05-01","Salto del Agua","Ambos","2299","211.07","2510.07"
"2025-05-02","Salto del Agua","Ambos","4749","593.87","5342.87"
"2025-05-03","Salto del Agua","Ambos","4055","524.79","4579.79"
"2025-05-04","Salto del Agua","Ambos","1877","501.77","2378.77"
"2025-05-05","Salto del Agua","Ambos","5545.5","825.08","6370.58"
"2025-05-06","Salto del Agua","Ambos","5210","250.4","5460.4"
"2025-05-07","Salto del Agua","Ambos","5491","1264.49","6755.49"
"2025-05-08","Salto del Agua","Ambos","5014","1387.29","6401.29"
"2025-05-09","Salto del Agua","Ambos","4478","821.25","5299.25"
"2025-05-10","Salto del Agua","Ambos","4412","530.55","4942.55"
"2025-05-11","Salto del Agua","Ambos","2377.5","295.5","2673"
"2025-05-12","Salto del Agua","Ambos","3843","255.2","4098.2"
"2025-05-13","Salto del Agua","Ambos","3965","1105.23","5070.23"
"2025-05-14","Salto del Agua","Ambos","5860","569.88","6429.88"
"2025-05-15","Salto del Agua","Ambos","4525","1158","5683"
"2025-05-16","Salto del Agua","Ambos","5850","1223.24","7073.23"
"2025-05-17","Salto del Agua","Ambos","3620","105.53","3725.53"
"2025-05-18","Salto del Agua","Ambos","2971","328.11","3299.11"
"2025-05-19","Salto del Agua","Ambos","4756","214.91","4970.91"
"2025-05-20","Salto del Agua","Ambos","5450","1021.76","6471.76"
"2025-05-21","Salto del Agua","Ambos","4548","857.7","5405.7"
"2025-05-22","Salto del Agua","Ambos","3620","189","3809"
"2025-05-23","Salto del Agua","Ambos","4956","981.47","5937.47"
"2025-05-24","Salto del Agua","Ambos","4611","908.55","5519.55"
"2025-05-25","Salto del Agua","Ambos","1694","110.33","1804.33"
"2025-05-26","Salto del Agua","Ambos","5132","683.09","5815.09"
"2025-05-27","Salto del Agua","Ambos","4650","328.11","4978.11"
"2025-05-28","Salto del Agua","Ambos","6526","858.66","7384.66"
"2025-05-29","Salto del Agua","Ambos","3816","1121.54","4937.54"
"2025-05-30","Salto del Agua","Ambos","5175","398.15","5573.15"
"2025-05-31","Salto del Agua","Ambos","3426","433.65","3859.65"
"2025-06-01","Salto del Agua","Ambos","0","0","0"
"2025-06-02","Salto del Agua","Ambos","5771","239.85","6010.85"
"2025-06-03","Salto del Agua","Ambos","6574","761.76","7335.76"
"2025-06-04","Salto del Agua","Ambos","4070","874.01","4944.01"
"2025-06-05","Salto del Agua","Ambos","5161","263.84","5424.84"
"2025-06-06","Salto del Agua","Ambos","3936","1457.33","5393.33"
"2025-06-07","Salto del Agua","Ambos","4868","912.39","5780.39"
"2025-06-08","Salto del Agua","Ambos","2996","422.14","3418.14"
"2025-06-09","Salto del Agua","Ambos","3993","413.5","4406.5"
"2025-06-10","Salto del Agua","Ambos","0","0","0"
"2025-06-11","Salto del Agua","Ambos","5529","710.92","6239.92"
"2025-06-12","Salto del Agua","Ambos","6612","910.47","7522.47"
"2025-06-13","Salto del Agua","Ambos","6257","799.18","7056.18"
"2025-06-14","Salto del Agua","Ambos","4851","925.82","5776.82"
"2025-06-15","Salto del Agua","Ambos","4042","827.96","4869.96"
"2025-06-16","Salto del Agua","Ambos","3598","1938.95","5536.95"
"2025-06-17","Salto del Agua","Ambos","5444","942.13","6386.13"
"2025-06-18","Salto del Agua","Ambos","4597","994.9","5591.9"
"2025-06-19","Salto del Agua","Ambos","5102","330.03","5432.03"
"2025-06-20","Salto del Agua","Ambos","4508","624.57","5132.57"
"2025-06-21","Salto del Agua","Ambos","4298","124.72","4422.72"
"2025-06-22","Salto del Agua","Ambos","2714","729.14","3443.14"
"2025-06-23","Salto del Agua","Ambos","5013","568.92","5581.92"
"2025-06-24","Salto del Agua","Ambos","5232","610.18","5842.18"
"2025-06-25","Salto del Agua","Ambos","3886","320.44","4206.44"
"2025-06-26","Salto del Agua","Ambos","3688","456.67","4144.67"
"2025-06-27","Salto del Agua","Ambos","4004","804.94","4808.94"
"2025-06-28","Salto del Agua","Ambos","5026","338.67","5364.67"
"2025-06-29","Salto del Agua","Ambos","2914","71.96","2985.95"
"2025-06-30","Salto del Agua","Ambos","3087","300.29","3387.29"
"2025-07-01","Salto del Agua","Ambos","5066","608.26","5674.26"
"2025-07-02","Salto del Agua","Ambos","4265","1011.21","5276.21"
"2025-07-03","Salto del Agua","Ambos","4323","522.87","4845.87"
"2025-07-04","Salto del Agua","Ambos","4558","755.05","5313.05"
"2025-07-05","Salto del Agua","Ambos","3575","110.33","3685.33"
"2025-07-06","Salto del Agua","Ambos","2040","82.51","2122.51"
"2025-07-07","Salto del Agua","Ambos","3777","366.49","4143.49"
"2025-07-08","Salto del Agua","Ambos","4246","302.21","4548.21"
"2025-07-09","Salto del Agua","Ambos","4467","512.32","4979.32"
"2025-07-10","Salto del Agua","Ambos","3260","245.61","3505.61"
"2025-07-11","Salto del Agua","Ambos","4392","331.95","4723.95"
"2025-07-12","Salto del Agua","Ambos","3205","417.34","3622.34"
"2025-07-13","Salto del Agua","Ambos","1718","95.94","1813.94"
"2025-07-14","Salto del Agua","Ambos","4305","962.28","5267.28"
"2025-07-15","Salto del Agua","Ambos","5351","1027.52","6378.52"
"2025-07-16","Salto del Agua","Ambos","3864","669.66","4533.66"
"2025-07-17","Salto del Agua","Ambos","3802","967.08","4769.08"
"2025-07-18","Salto del Agua","Ambos","4435","1364.27","5799.27"
"2025-07-19","Salto del Agua","Ambos","4093","83.47","4176.47"
"2025-07-20","Salto del Agua","Ambos","794","0","794"
"2025-07-21","Salto del Agua","Ambos","3722","688.85","4410.85"
"2025-07-22","Salto del Agua","Ambos","4101","288.78","4389.78"
"2025-07-23","Salto del Agua","Ambos","3774","386.64","4160.64"
"2025-07-24","Salto del Agua","Ambos","3560","602.5","4162.5"
"2025-07-25","Salto del Agua","Ambos","3361","742.58","4103.58"
"2025-07-26","Salto del Agua","Ambos","1935","382.8","2317.8"
"2025-07-27","Salto del Agua","Ambos","1670","0","1670"
"2025-07-28","Salto del Agua","Ambos","3212","709","3921"
"2025-07-29","Salto del Agua","Ambos","2306","271.51","2577.51"
"2025-07-30","Salto del Agua","Ambos","4676","680.21","5356.21"
"2025-07-31","Salto del Agua","Ambos","4810","931.58","5741.58"
"2025-08-01","Salto del Agua","Ambos","4893","685.01","5578.01"
"2025-08-02","Salto del Agua","Ambos","1011","62.36","1073.36"
"2025-08-03","Salto del Agua","Ambos","2697","78.67","2775.67"
"2025-08-04","Salto del Agua","Ambos","3673","100.74","3773.74"
"2025-08-05","Salto del Agua","Ambos","5814","212.99","6026.99"
"2025-08-06","Salto del Agua","Ambos","3270","436.53","3706.53"
"2025-08-07","Salto del Agua","Ambos","2710","794.38","3504.38"
"2025-08-08","Salto del Agua","Ambos","3587","182.29","3769.29"
"2025-08-09","Salto del Agua","Ambos","3262","733.94","3995.94"
"2025-08-10","Salto del Agua","Ambos","3652","402.95","4054.95"
"2025-08-11","Salto del Agua","Ambos","2044","191.88","2235.88"
"2025-08-12","Salto del Agua","Ambos","3048","819.33","3867.33"
"2025-08-13","Salto del Agua","Ambos","5754","1107.15","6861.15"
"2025-08-14","Salto del Agua","Ambos","4703","1755.7","6458.7"
"2025-08-15","Salto del Agua","Ambos","5625","1115.78","6740.78"
"2025-08-16","Salto del Agua","Ambos","4358","681.17","5039.17"
"2025-08-17","Salto del Agua","Ambos","3145","469.15","3614.15"
"2025-08-18","Salto del Agua","Ambos","4103","463.39","4566.39"
"2025-08-19","Salto del Agua","Ambos","3768","324.28","4092.28"
"2025-08-20","Salto del Agua","Ambos","5150","1320.13","6470.13"
"2025-08-21","Salto del Agua","Ambos","4120","460.51","4580.51"
"2025-08-22","Salto del Agua","Ambos","4191","1241.46","5432.46"
"2025-08-23","Salto del Agua","Ambos","2109","307.01","2416.01"
"2025-08-24","Salto del Agua","Ambos","3090","615.93","3705.93"
"2025-08-25","Salto del Agua","Ambos","2240","424.05","2664.05"
"2025-08-26","Salto del Agua","Ambos","3098","182.29","3280.29"
"2025-08-27","Salto del Agua","Ambos","2983","0","2983"
"2025-08-28","Salto del Agua","Ambos","4394","367.45","4761.45"
"2025-08-29","Salto del Agua","Ambos","6834","2950.16","9784.16"
"2025-08-30","Salto del Agua","Ambos","3961","417.34","4378.34"
"2025-08-31","Salto del Agua","Ambos","2171","796.3","2967.3"
"2025-09-01","Salto del Agua","Ambos","4431","303.17","4734.17"
"2025-09-02","Salto del Agua","Ambos","3241","261.92","3502.92"
"2025-09-03","Salto del Agua","Ambos","2650","163.1","2813.1"
"2025-09-04","Salto del Agua","Ambos","3336","757.93","4093.93"
"2025-09-05","Salto del Agua","Ambos","4062","383.76","4445.76"
"2025-09-06","Salto del Agua","Ambos","3466","868.26","4334.26"
"2025-09-07","Salto del Agua","Ambos","2282","449","2731"
"2025-09-08","Salto del Agua","Ambos","2233","353.06","2586.06"
"2025-09-09","Salto del Agua","Ambos","4814","273.43","5087.43"
"2025-09-10","Salto del Agua","Ambos","3208","705.16","3913.16"
"2025-09-11","Salto del Agua","Ambos","3200","0","3200"
"2025-09-12","Salto del Agua","Ambos","5424","661.99","6085.99"
"2025-09-13","Salto del Agua","Ambos","2854","177.49","3031.49"
"2025-09-14","Salto del Agua","Ambos","2875","350.18","3225.18"
"2025-09-15","Salto del Agua","Ambos","2052","201.47","2253.47"
"2025-09-16","Salto del Agua","Ambos","0","0","0"
"2025-09-17","Salto del Agua","Ambos","3564","1211.72","4775.72"
"2025-09-18","Salto del Agua","Ambos","2620","391.44","3011.44"
"2025-09-19","Salto del Agua","Ambos","4434","604.42","5038.42"
"2025-09-20","Salto del Agua","Ambos","2897","225.46","3122.46"
"2025-09-21","Salto del Agua","Ambos","2068","148.71","2216.71"
"2025-09-22","Salto del Agua","Ambos","3333","276.31","3609.31"
"2025-09-23","Salto del Agua","Ambos","4409","1104.27","5513.27"
"2025-09-24","Salto del Agua","Ambos","5825","38.38","5863.38"
"2025-09-25","Salto del Agua","Ambos","4596","242.73","4838.73"
"2025-09-26","Salto del Agua","Ambos","6483","633.2","7116.2"
"2025-09-27","Salto del Agua","Ambos","4490","945.01","5435.01"
"2025-09-28","Salto del Agua","Ambos","2479","364.57","2843.57"
"2025-09-29","Salto del Agua","Ambos","3443","378.96","3821.96"
"2025-09-30","Salto del Agua","Ambos","6955","1487.07","8442.07"
"2025-10-01","Salto del Agua","Ambos","7530","508.48","8038.48"
"2025-10-02","Salto del Agua","Ambos","8335","1477.48","9812.48"
"2025-10-03","Salto del Agua","Ambos","6965","1630.98","8595.98"
"2025-10-04","Salto del Agua","Ambos","6579","858.66","7437.66"
"2025-10-05","Salto del Agua","Ambos","4450","623.61","5073.61"
"2025-10-06","Salto del Agua","Ambos","2500","378.96","2878.96"
"2025-10-07","Salto del Agua","Ambos","7010","681.17","7691.17"
"2025-10-08","Salto del Agua","Ambos","7320","1338.36","8658.36"
"2025-10-09","Salto del Agua","Ambos","7170","1170.47","8340.47"
"2025-10-10","Salto del Agua","Ambos","7978","877.85","8855.85"
"2025-10-11","Salto del Agua","Ambos","6065","647.6","6712.6"
"2025-10-12","Salto del Agua","Ambos","4895","374.17","5269.17"
"2025-10-13","Salto del Agua","Ambos","4080","777.11","4857.11"
"2025-10-14","Salto del Agua","Ambos","7423","968.99","8391.99"
"2025-10-15","Salto del Agua","Ambos","9919","877.85","10796.85"
"2025-10-16","Salto del Agua","Ambos","9919","1664.56","11583.56"
"2025-10-17","Salto del Agua","Ambos","7175","1280.8","8455.8"
"2025-10-18","Salto del Agua","Ambos","6448","1319.18","7767.17"
"2025-10-19","Salto del Agua","Ambos","6323","1559.03","7882.02"
"2025-10-20","Salto del Agua","Ambos","4055","1559.03","5614.02"
"2025-10-21","Salto del Agua","Ambos","9365","1343.16","10708.16"
"2025-10-22","Salto del Agua","Ambos","7090","1117.7","8207.7"
"2025-10-23","Salto del Agua","Ambos","5750","1818.06","7568.06"
"2025-10-24","Salto del Agua","Ambos","8755","1304.78","10059.78"
"2025-10-25","Salto del Agua","Ambos","7440","1261.61","8701.61"
"2025-10-26","Salto del Agua","Ambos","6930","465.31","7395.31"
"2025-10-27","Salto del Agua","Ambos","6523","666.78","7189.78"
"2025-10-28","Salto del Agua","Ambos","7640","1808.47","9448.47"
"2025-10-29","Salto del Agua","Ambos","9590","1827.66","11417.66"
"2025-10-30","Salto del Agua","Ambos","9310","2417.69","11727.69"
"2025-10-31","Salto del Agua","Ambos","9895","1573.42","11468.42"
"2025-11-01","Salto del Agua","Ambos","10783","484.5","11267.5"
"2025-11-02","Salto del Agua","Ambos","695","182.29","877.29"
"2025-11-03","Salto del Agua","Ambos","4658","1084.12","5742.12"
"2025-11-04","Salto del Agua","Ambos","7710","1890.02","9600.02"
"2025-11-05","Salto del Agua","Ambos","9240","1184.86","10424.86"
"2025-11-06","Salto del Agua","Ambos","7093","1367.15","8460.15"
"2025-11-07","Salto del Agua","Ambos","9145","2259.39","11404.39"
"2025-11-08","Salto del Agua","Ambos","6895","513.28","7408.28"
"2025-11-09","Salto del Agua","Ambos","3870","326.2","4196.2"
"2025-11-10","Salto del Agua","Ambos","6650","978.59","7628.59"
"2025-11-11","Salto del Agua","Ambos","8115","743.54","8858.53"
"2025-11-12","Salto del Agua","Ambos","7135","1175.27","8310.26"
"2025-11-13","Salto del Agua","Ambos","6380","1026.56","7406.56"
"2025-11-14","Salto del Agua","Ambos","7940","1822.86","9762.86"
"2025-11-15","Salto del Agua","Ambos","3265","633.2","3898.2"
"2025-11-16","Salto del Agua","Ambos","5935","805.9","6740.9"
"2025-11-17","Salto del Agua","Ambos","0","0","0"
"2025-11-18","Salto del Agua","Ambos","6970","585.23","7555.23"
"2025-11-19","Salto del Agua","Ambos","8290","1064.93","9354.93"
"2025-11-20","Salto del Agua","Ambos","565","47.97","612.97"
"2025-11-21","Salto del Agua","Ambos","9105","1640.57","10745.57"
"2025-11-22","Salto del Agua","Ambos","5475","417.34","5892.34"
"2025-11-23","Salto del Agua","Ambos","4170","474.9","4644.9"
"2025-11-24","Salto del Agua","Ambos","3690","791.51","4481.51"
"2025-11-25","Salto del Agua","Ambos","8560","820.29","9380.29"
"2025-11-26","Salto del Agua","Ambos","6935","1616.59","8551.59"
"2025-11-27","Salto del Agua","Ambos","6960","1252.02","8212.02"
"2025-11-28","Salto del Agua","Ambos","8085","1866.03","9951.03"
"2025-11-29","Salto del Agua","Ambos","5910","1122.5","7032.5"
"2025-11-30","Salto del Agua","Ambos","4315","652.39","4967.39"
"2025-12-01","Salto del Agua","Ambos","7340","1007.37","8347.37"
"2025-12-02","Salto del Agua","Ambos","8320","1064.93","9384.93"
"2025-12-03","Salto del Agua","Ambos","6150","1439.1","7589.1"
"2025-12-04","Salto del Agua","Ambos","7420","1031.35","8451.35"
"2025-12-05","Salto del Agua","Ambos","9380","2288.17","11668.17"
"2025-12-06","Salto del Agua","Ambos","9190","873.05","10063.05"
"2025-12-07","Salto del Agua","Ambos","3620","374.17","3994.17"
"2025-12-08","Salto del Agua","Ambos","6070","858.66","6928.66"
"2025-12-09","Salto del Agua","Ambos","8350","1722.12","10072.12"
"2025-12-10","Salto del Agua","Ambos","7435","1367.15","8802.15"
"2025-12-11","Salto del Agua","Ambos","8055","1007.37","9062.37"
"2025-12-12","Salto del Agua","Ambos","7715","839.48","8554.48"
"2025-12-13","Salto del Agua","Ambos","6070","1669.36","7739.36"
"2025-12-14","Salto del Agua","Ambos","4055","599.63","4654.63"
"2025-12-15","Salto del Agua","Ambos","6275","853.87","7128.87"
"2025-12-16","Salto del Agua","Ambos","9625","1549.43","11174.43"
"2025-12-17","Salto del Agua","Ambos","9195","2777.46","11972.46"
"2025-12-18","Salto del Agua","Ambos","8705","1309.58","10014.58"
"2025-12-19","Salto del Agua","Ambos","8930","1424.71","10354.71"
"2025-12-20","Salto del Agua","Ambos","6065","945.01","7010.01"
"2025-12-21","Salto del Agua","Ambos","4500","307.01","4807.01"
"2025-12-22","Salto del Agua","Ambos","4880","465.31","5345.31"
"2025-12-23","Salto del Agua","Ambos","9555","3453.84","13008.84"
"2025-12-24","Salto del Agua","Ambos","8640","1021.76","9661.76"
"2025-12-25","Salto del Agua","Ambos","0","0","0"
"2025-12-26","Salto del Agua","Ambos","5085","1304.78","6389.78"
"2025-12-27","Salto del Agua","Ambos","5710","1132.09","6842.09"
"2025-12-28","Salto del Agua","Ambos","3215","460.51","3675.51"
"2025-12-29","Salto del Agua","Ambos","4730","1146.48","5876.48"
"2025-12-30","Salto del Agua","Ambos","8210","2081.9","10291.9"
"2025-12-31","Salto del Agua","Ambos","5590","2360.12","7950.12"
"2026-01-01","Salto del Agua","Ambos","0","0","0"
"2026-01-02","Salto del Agua","Ambos","5690","849.07","6539.07"
"2026-01-03","Salto del Agua","Ambos","5745","446.12","6191.12"
"2026-01-04","Salto del Agua","Ambos","4845","503.68","5348.68"
"2026-01-05","Salto del Agua","Ambos","4345","968.99","5313.99"
"2026-01-06","Salto del Agua","Ambos","6540","829.88","7369.88"
"2026-01-07","Salto del Agua","Ambos","5940","297.41","6237.41"
"2026-01-08","Salto del Agua","Ambos","6875","877.85","7752.85"
"2026-01-09","Salto del Agua","Ambos","5610","1184.86","6794.86"
"2026-01-10","Salto del Agua","Ambos","4155","978.59","5133.59"
"2026-01-11","Salto del Agua","Ambos","2960","0","2960"
"2026-01-12","Salto del Agua","Ambos","8563","762.72","9325.72"
"2026-01-13","Salto del Agua","Ambos","7380","1611.79","8991.79"
"2026-01-14","Salto del Agua","Ambos","6680","1878.51","8558.51"
"2026-01-15","Salto del Agua","Ambos","7783","1515.85","9298.85"
"2026-01-16","Salto del Agua","Ambos","5985","1007.37","6992.37"
"2026-01-17","Salto del Agua","Ambos","5360","546.86","5906.86"
"2026-01-18","Salto del Agua","Ambos","1380","244.65","1624.65"
"2026-01-19","Salto del Agua","Ambos","7920","1501.46","9421.46"
"2026-01-20","Salto del Agua","Ambos","8020","820.29","8840.29"
"2026-01-21","Salto del Agua","Ambos","5512","1453.49","6965.49"
"2026-01-22","Salto del Agua","Ambos","6060","877.85","6937.85"
"2026-01-23","Salto del Agua","Ambos","5755","1247.22","7002.22"
"2026-01-24","Salto del Agua","Ambos","4100","1256.81","5356.81"
"2026-01-25","Salto del Agua","Ambos","2695","417.34","3112.34"
"2026-01-26","Salto del Agua","Ambos","5575","532.47","6107.47"
"2026-01-27","Salto del Agua","Ambos","6300","1218.44","7518.44"
"2026-01-28","Salto del Agua","Ambos","6750","978.59","7728.59"
"2026-01-29","Salto del Agua","Ambos","6900","786.71","7686.71"
"2026-01-30","Salto del Agua","Ambos","6020","930.62","6950.62"
"2026-01-31","Salto del Agua","Ambos","7300","805.9","8105.9"
"2026-02-01","Salto del Agua","Ambos","2145","211.07","2356.07"
"2026-02-02","Salto del Agua","Ambos","7920","1391.13","9311.13"
"2026-02-03","Salto del Agua","Ambos","7845","570.84","8415.84"
"2026-02-04","Salto del Agua","Ambos","7070","805.9","7875.9"
"2026-02-05","Salto del Agua","Ambos","6430","647.6","7077.6"
"2026-02-06","Salto del Agua","Ambos","5384","935.42","6319.42"
"2026-02-08","Salto del Agua","Ambos","2860","791.51","3651.51"
"2026-02-09","Salto del Agua","Ambos","6200","868.26","7068.26"
"2026-02-10","Salto del Agua","Ambos","7070","1122.5","8192.5"
"2026-02-11","Salto del Agua","Ambos","6950","652.39","7602.39"
"2026-02-12","Salto del Agua","Ambos","5510","666.78","6176.78"
"2026-02-13","Salto del Agua","Ambos","9990","1890.02","11880.02"
"2026-02-14","Salto del Agua","Ambos","5004","901.84","5905.84"
"2026-02-15","Salto del Agua","Ambos","1340","249.44","1589.44"
"2026-02-16","Salto del Agua","Ambos","6025","1304.78","7329.78"
"2026-02-17","Salto del Agua","Ambos","8390","1506.26","9896.26"
"2026-02-18","Salto del Agua","Ambos","7290","1487.07","8777.07"
"2026-02-19","Salto del Agua","Ambos","6555","661.99","7216.99"
"2026-02-20","Salto del Agua","Ambos","6955","1520.65","8475.65"
"2026-02-21","Salto del Agua","Ambos","3955","709.96","4664.96"
"2026-02-22","Salto del Agua","Ambos","3155","1333.57","4488.57"
"2026-02-23","Salto del Agua","Ambos","5470","542.06","6012.06"
"2026-02-24","Salto del Agua","Ambos","5720","1594.52","7314.52"
"2026-02-25","Salto del Agua","Ambos","7595","2115.48","9710.48"
"2026-02-26","Salto del Agua","Ambos","7225","1765.3","8990.3"
"2026-02-27","Salto del Agua","Ambos","7340","997.78","8337.78"
"2026-02-28","Salto del Agua","Ambos","4380","1285.6","5665.6"
"2026-03-01","Salto del Agua","Ambos","3305","220.66","3525.66"
"2026-03-02","Salto del Agua","Ambos","6910","1208.84","8118.84"
"2026-03-03","Salto del Agua","Ambos","8455","1597.4","10052.4"
"2026-03-04","Salto del Agua","Ambos","10205","1827.66","12032.66"
"2026-03-05","Salto del Agua","Ambos","6585","849.07","7434.07"
"2026-03-06","Salto del Agua","Ambos","5265","2436.88","7701.88"
"2026-03-07","Salto del Agua","Ambos","4800","426.93","5226.93"
"2026-03-08","Salto del Agua","Ambos","3490","412.54","3902.54"
"2026-03-09","Salto del Agua","Ambos","3630","311.81","3941.81"
"2026-03-10","Salto del Agua","Ambos","8540","2158.65","10698.65"
"2026-03-11","Salto del Agua","Ambos","8180","1343.16","9523.16"
"2026-03-12","Salto del Agua","Ambos","6035","978.59","7013.59"
"2026-03-13","Salto del Agua","Ambos","7500","2288.17","9788.17"
"2026-03-14","Salto del Agua","Ambos","4780","201.47","4981.47"
"2026-03-15","Salto del Agua","Ambos","3950","307.01","4257.01"
"2026-03-16","Salto del Agua","Ambos","4070","556.45","4626.45"
"2026-03-17","Salto del Agua","Ambos","7735","1463.09","9198.08"
"2026-03-18","Salto del Agua","Ambos","8528","2182.64","10710.64"
"2026-03-19","Salto del Agua","Ambos","6420","700.36","7120.36"
"2026-03-20","Salto del Agua","Ambos","7105","1626.18","8731.18"
"2026-03-21","Salto del Agua","Ambos","5150","307.01","5457.01"
"2026-03-22","Salto del Agua","Ambos","3350","287.82","3637.82"
"2026-03-23","Salto del Agua","Ambos","6570","604.42","7174.42"
"2026-03-24","Salto del Agua","Ambos","9600","1108.11","10708.11"
"2026-03-25","Salto del Agua","Ambos","7290","1069.73","8359.73"
"2026-03-26","Salto del Agua","Ambos","5785","964.2","6749.2"
"2026-03-27","Salto del Agua","Ambos","7480","1376.74","8856.74"
"2026-03-28","Salto del Agua","Ambos","4500","532.47","5032.47"
"2026-03-29","Salto del Agua","Ambos","3870","498.89","4368.89"
"2026-03-30","Salto del Agua","Ambos","5700","1659.76","7359.76"
"2026-03-31","Salto del Agua","Ambos","8465","2532.82","10997.82"
"2026-04-01","Salto del Agua","Ambos","9300","1952.38","11252.38"
"2026-04-02","Salto del Agua","Ambos","5370","1309.58","6679.58"
"2026-04-03","Salto del Agua","Ambos","3320","877.85","4197.85"
"2026-04-04","Salto del Agua","Ambos","4680","230.26","4910.26"
"2026-04-05","Salto del Agua","Ambos","3185","580.44","3765.44"
"2026-04-06","Salto del Agua","Ambos","6225","2312.15","8537.15"
"2026-04-07","Salto del Agua","Ambos","7400","849.07","8249.07"
"2026-04-08","Salto del Agua","Ambos","5890","1760.5","7650.5"
"2026-04-09","Salto del Agua","Ambos","5865","695.57","6560.57"
"2026-04-10","Salto del Agua","Ambos","6215","1276","7491"
"2026-04-11","Salto del Agua","Ambos","6050","115.13","6165.13"
"2026-04-12","Salto del Agua","Ambos","4400","474.9","4874.9"
"2026-04-13","Salto del Agua","Ambos","4890","1232.83","6122.83"
"2026-04-14","Salto del Agua","Ambos","7170","1016.96","8186.96"
"2026-04-15","Salto del Agua","Ambos","9470","2125.07","11595.07"
"2026-04-16","Salto del Agua","Ambos","7950","1794.08","9744.08"
"2026-04-17","Salto del Agua","Ambos","6660","2657.54","9317.54"
"2026-04-18","Salto del Agua","Ambos","5400","873.05","6273.05"
"2026-04-19","Salto del Agua","Ambos","3530","604.42","4134.42"
"2026-04-20","Salto del Agua","Ambos","4050","1040.95","5090.95"
"2026-04-21","Salto del Agua","Ambos","9750","1918.8","11668.8"
"2026-04-22","Salto del Agua","Ambos","6120","1170.47","7290.47"
"2026-04-23","Salto del Agua","Ambos","6295","1242.42","7537.42"
"2026-04-24","Salto del Agua","Ambos","7000","1352.75","8352.75"
"2026-04-25","Salto del Agua","Ambos","4370","446.12","4816.12"
"2026-04-26","Salto del Agua","Ambos","3655","321.4","3976.4"
"2026-04-27","Salto del Agua","Ambos","5970","407.75","6377.74"
"2026-04-28","Salto del Agua","Ambos","8885","2182.64","11067.63"
"2026-04-29","Salto del Agua","Ambos","6800","1602.2","8402.2"
"2026-04-30","Salto del Agua","Ambos","8810","877.85","9687.85"
"2026-05-01","Salto del Agua","Ambos","2040","398.15","2438.15"
"2026-05-04","Salto del Agua","Ambos","6600","489.29","7089.29"
"2026-05-05","Salto del Agua","Ambos","8250","2408.09","10658.09"
"2026-05-06","Salto del Agua","Ambos","9070","1439.1","10509.1"
"2026-05-07","Salto del Agua","Ambos","7060","1141.69","8201.69"
"2026-05-08","Salto del Agua","Ambos","8250","2043.52","10293.52"
"2026-05-09","Salto del Agua","Ambos","5660","153.5","5813.5"
"2026-05-10","Salto del Agua","Ambos","4235","148.71","4383.71"
"2026-05-11","Salto del Agua","Ambos","5580","345.38","5925.38"
"2026-05-12","Salto del Agua","Ambos","8770","849.07","9619.07"
"2026-05-13","Salto del Agua","Ambos","7555","1765.3","9320.3"
"2026-05-14","Salto del Agua","Ambos","9487","1252.02","10739.02"
"2026-05-15","Salto del Agua","Ambos","7342","1165.67","8507.67"
"2026-05-16","Salto del Agua","Ambos","6879","345.38","7224.38"
"2026-05-17","Salto del Agua","Ambos","3210","302.21","3512.21"
"2026-05-18","Salto del Agua","Ambos","5489","638","6127"
"2026-05-19","Salto del Agua","Ambos","10547","2120.27","12667.27"
"2026-05-20","Salto del Agua","Ambos","8812","882.65","9694.65"
"2026-05-21","Salto del Agua","Ambos","7472","748.33","8220.33"
"2026-05-22","Salto del Agua","Ambos","6872","1180.06","8052.06"
"2026-05-23","Salto del Agua","Ambos","5437","239.85","5676.85"
"2026-05-24","Salto del Agua","Ambos","3780","278.23","4058.23"
"2026-05-25","Salto del Agua","Ambos","5490","2566.4","8056.4"
"2026-05-26","Salto del Agua","Ambos","9437","1360.43","10797.43"
"2026-05-27","Salto del Agua","Ambos","7982","1299.99","9281.99"
"2026-05-28","Salto del Agua","Ambos","7625","849.07","8474.07"
"2026-05-29","Salto del Agua","Ambos","9882","1376.74","11258.74"
"2026-05-30","Salto del Agua","Ambos","5372","892.24","6264.24"
"2026-05-31","Salto del Agua","Ambos","4175","398.15","4573.15"
"2026-06-01","Salto del Agua","Ambos","7272","1256.81","8528.81"
"2026-06-02","Salto del Agua","Ambos","10672","1453.49","12125.49"
"2026-06-03","Salto del Agua","Ambos","11100","1976.36","13076.36"
"2026-06-04","Salto del Agua","Ambos","8504","1832.45","10336.45"
"2026-06-05","Salto del Agua","Ambos","10120","1424.71","11544.71"
"2026-06-06","Salto del Agua","Ambos","6102","992.98","7094.98"
"2026-06-07","Salto del Agua","Ambos","4095","494.09","4589.09"
"2026-06-08","Salto del Agua","Ambos","4839","887.45","5726.44"
"2026-06-09","Salto del Agua","Ambos","9457","2125.07","11582.07"
"2026-06-10","Salto del Agua","Ambos","8487","2038.72","10525.72"
"2026-06-11","Salto del Agua","Ambos","6900","1472.68","8372.68"
"2026-06-12","Salto del Agua","Ambos","8520","1794.08","10314.08"
"2026-06-13","Salto del Agua","Ambos","6330","1213.64","7543.64"
"2026-06-14","Salto del Agua","Ambos","4375","249.44","4624.44"
"2026-06-15","Salto del Agua","Ambos","7452","988.18","8440.18"
"2026-06-16","Salto del Agua","Ambos","12750","2959.75","15709.75"
"2026-06-17","Salto del Agua","Ambos","11170","2470.46","13640.46"
"2026-06-18","Salto del Agua","Ambos","8250","2182.64","10432.64"
"2026-06-19","Salto del Agua","Ambos","8595","1338.36","9933.36"
"2026-06-20","Salto del Agua","Ambos","6752","479.7","7231.7"
"2026-06-21","Salto del Agua","Ambos","4300","354.98","4654.98"
"2026-06-22","Salto del Agua","Ambos","7900","1160.87","9060.87"
"2026-06-23","Salto del Agua","Ambos","9300","1386.33","10686.33"
"2026-06-24","Salto del Agua","Ambos","7590","1602.2","9192.2"
"2026-06-25","Salto del Agua","Ambos","8500","1774.89","10274.89"
"2026-06-26","Salto del Agua","Ambos","7015","1364.27","8379.27"
"2026-06-27","Salto del Agua","Ambos","7350","599.63","7949.63"
"2026-06-28","Salto del Agua","Ambos","3390","148.71","3538.71"
"2026-06-29","Salto del Agua","Ambos","6700","1611.79","8311.79"
"2026-06-30","Salto del Agua","Ambos","7470","2623.96","10093.96"
"2026-07-01","Salto del Agua","Ambos","8850","2638.35","11488.35"
"2026-07-02","Salto del Agua","Ambos","9015","2067.51","11082.51"
"2026-07-03","Salto del Agua","Ambos","9600","1966.77","11566.77"
"2026-07-04","Salto del Agua","Ambos","6770","2201.82","8971.82"
"2026-07-05","Salto del Agua","Ambos","2460","354.98","2814.98"
"2026-07-06","Salto del Agua","Ambos","5950","849.07","6799.07"
"2026-07-07","Salto del Agua","Ambos","10365","1491.87","11856.87"
"2026-07-08","Salto del Agua","Ambos","7710","2081.9","9791.9"
"2026-07-09","Salto del Agua","Ambos","8870","1127.3","9997.29"
"2026-07-10","Salto del Agua","Ambos","9700","1338.36","11038.36"
"2026-07-11","Salto del Agua","Ambos","7200","1002.57","8202.57"
"2026-07-12","Salto del Agua","Ambos","5650","964.2","6614.2"
"2026-07-13","Salto del Agua","Ambos","8060","1722.12","9782.12"
"2026-07-14","Salto del Agua","Ambos","10600","1842.05","12442.05"
"2026-07-15","Salto del Agua","Ambos","10400","2470.46","12870.45"
"2026-07-16","Salto del Agua","Ambos","9320","2489.64","11809.64"
"2026-07-17","Salto del Agua","Ambos","8570","1717.33","10287.33"
"2026-07-18","Salto del Agua","Ambos","6485","897.04","7382.04"
"2026-07-19","Salto del Agua","Ambos","3715","0","3715"
"2026-07-20","Salto del Agua","Ambos","7520","968.99","8488.99"
"2026-07-21","Salto del Agua","Ambos","9420","2064.63","11484.63"
"2026-07-22","Salto del Agua","Ambos","8390","1746.11","10136.11"
"2026-07-23","Salto del Agua","Ambos","8200","1194.45","9394.45"
"2026-07-24","Salto del Agua","Ambos","7450","1659.76","9109.76"
"2026-07-25","Salto del Agua","Ambos","4250","254.24","4504.24"
"2026-07-26","Salto del Agua","Ambos","4050","177.49","4227.49"
"2026-07-27","Salto del Agua","Ambos","6600","1098.51","7698.51"
"2026-07-28","Salto del Agua","Ambos","7370","2811.04","10181.04"
"2026-07-29","Salto del Agua","Ambos","6560","1640.57","8200.57"
"2026-07-30","Salto del Agua","Ambos","7090","1530.24","8620.24"
"2026-07-31","Salto del Agua","Ambos","9925","2033.93","11958.93"
"2026-08-01","Salto del Agua","Ambos","7100","882.65","7982.65"
"2026-08-02","Salto del Agua","Ambos","4385","676.38","5061.38"
"2026-08-03","Salto del Agua","Ambos","6350","1323.97","7673.97"
"2026-08-04","Salto del Agua","Ambos","9450","2504.03","11954.03"
"2026-08-05","Salto del Agua","Ambos","10190","2192.23","12382.23"
"2026-08-06","Salto del Agua","Ambos","7565","2763.07","10328.07"
"2026-08-07","Salto del Agua","Ambos","8005","1870.83","9875.83"
"2026-08-08","Salto del Agua","Ambos","4920","666.78","5586.78"